INSERT INTO public.auth_user (id, password, last_login, is_superuser, username, first_name, last_name, email, is_staff, is_active, date_joined) VALUES (9, 'pbkdf2_sha256$120000$gYpyYP3WaDjY$Hs/p0CbdZyjo6GQ4JdvcZA/8/PQDdhi/9oTy2wrJ238=', '2019-05-16 10:03:53.513074', false, 'ncd1', 'ncd1', 'ncd1', '', false, true, '2019-05-11 09:19:13.626722');
INSERT INTO public.auth_user (id, password, last_login, is_superuser, username, first_name, last_name, email, is_staff, is_active, date_joined) VALUES (24, 'pbkdf2_sha256$120000$CagCqZVhmCVS$LK4vfj5FrxtmWJW+Ka6tJOMvZn40UJWZfNAuM+U6Rso=', null, false, 'AC0212737', '', '', '', false, true, '2019-05-16 10:23:55.998731');
INSERT INTO public.auth_user (id, password, last_login, is_superuser, username, first_name, last_name, email, is_staff, is_active, date_joined) VALUES (20, 'pbkdf2_sha256$120000$Eb7GDcKPGliR$dN46/ydIbq7ZWxK07NVtjFDyeiqmuhTzcPhKmTsF/4o=', null, false, 'AB1910485', '', '', '', false, true, '2019-05-14 11:05:37.133374');
INSERT INTO public.auth_user (id, password, last_login, is_superuser, username, first_name, last_name, email, is_staff, is_active, date_joined) VALUES (3, 'pbkdf2_sha256$120000$pmerhH6oJzl7$IYW1qH7dRoPCGONCS8KPTwRXkeD/WUTxUUL6ph0vOOA=', '2019-05-13 08:40:29.632558', false, 'op2', 'Operator2', 'Operator2', '', false, true, '2019-05-07 05:13:33.735323');
INSERT INTO public.auth_user (id, password, last_login, is_superuser, username, first_name, last_name, email, is_staff, is_active, date_joined) VALUES (21, 'pbkdf2_sha256$120000$KfaRiyZStaCT$ZZJtqrXNmWbvxKkm3otfWRy2bi8aFgk9fMiF3Pu9UEg=', null, false, 'AA8427902', '', '', '', false, true, '2019-05-14 11:17:36.386937');
INSERT INTO public.auth_user (id, password, last_login, is_superuser, username, first_name, last_name, email, is_staff, is_active, date_joined) VALUES (17, 'pbkdf2_sha256$120000$XW7CxtKph7T3$Y9djs2Ekn+LaVCube6+ubMjLWixg3m43V47dj9E3J7E=', null, false, 'AB0904365', '', '', '', false, true, '2019-05-13 13:00:18.613244');
INSERT INTO public.auth_user (id, password, last_login, is_superuser, username, first_name, last_name, email, is_staff, is_active, date_joined) VALUES (4, 'pbkdf2_sha256$120000$7PKCucQoHyzE$uzW6dXTQWRehWVfiQPF6CVdqL081sJCNENLzL3UXkZo=', '2019-05-07 06:25:26.920179', false, 'op3', 'Operator3', 'Operator3', '', false, true, '2019-05-07 05:13:54.890873');
INSERT INTO public.auth_user (id, password, last_login, is_superuser, username, first_name, last_name, email, is_staff, is_active, date_joined) VALUES (5, 'pbkdf2_sha256$120000$T0Jmr7qPIpel$rxjbM83BnCtiJL9XmhUPIkobJ4Te91EKkCKekrDgNbY=', '2019-05-07 06:32:13.027908', false, 'op4', 'Operator4', 'Operator4', '', false, true, '2019-05-07 05:14:09.332988');
INSERT INTO public.auth_user (id, password, last_login, is_superuser, username, first_name, last_name, email, is_staff, is_active, date_joined) VALUES (22, 'pbkdf2_sha256$120000$ULJYseT6TCJY$CFIKubyy/upzg+fUd1Aw4eQM0d+duUzWXnMD/OAXrnM=', null, false, 'AA3857974', '', '', '', false, true, '2019-05-14 12:21:41.748768');
INSERT INTO public.auth_user (id, password, last_login, is_superuser, username, first_name, last_name, email, is_staff, is_active, date_joined) VALUES (23, 'pbkdf2_sha256$120000$32htjWv9wTRX$w7tQ1BIX7a818DScJb1HvTgqR3y1+11xW+F+8i2xYO8=', null, false, 'AA6351738', '', '', '', false, true, '2019-05-14 12:50:09.899061');
INSERT INTO public.auth_user (id, password, last_login, is_superuser, username, first_name, last_name, email, is_staff, is_active, date_joined) VALUES (25, 'pbkdf2_sha256$120000$V7t8tYX2h639$FoDtBaiZk3sWeEDX7QY6Kkn7SX3KtTEl7sPpIxN6kKc=', null, false, 'AA8812742', '', '', '', false, true, '2019-05-16 11:25:30.391441');
INSERT INTO public.auth_user (id, password, last_login, is_superuser, username, first_name, last_name, email, is_staff, is_active, date_joined) VALUES (2, 'pbkdf2_sha256$120000$RKUlwQJnDJtg$K0GloyoS5oP7PyrXEKJefPYVGUcPy7nKUYYXNwby6EU=', '2019-05-15 05:21:26.032345', false, 'op1', 'Operator1', 'Operator1', '', false, true, '2019-05-07 04:41:07.873916');
INSERT INTO public.auth_user (id, password, last_login, is_superuser, username, first_name, last_name, email, is_staff, is_active, date_joined) VALUES (26, 'pbkdf2_sha256$120000$ZyK5TzEOY4ec$ms9CI0T727JxMmxGX7HXQt6o8FoRVJmjwYpKi5Nlk14=', null, false, 'AA4025167', '', '', '', false, true, '2019-05-16 11:50:10.824701');
INSERT INTO public.auth_user (id, password, last_login, is_superuser, username, first_name, last_name, email, is_staff, is_active, date_joined) VALUES (10, 'pbkdf2_sha256$120000$mIOgi4zWc8Zq$7/GhvztVcxD4k22ixTz1O9TyyTCZXkWXN34QM7v/Oxw=', '2019-05-16 11:50:38.881847', false, 'ncd2', 'ncd2', 'ncd2', '', false, true, '2019-05-11 09:19:56.516914');
INSERT INTO public.auth_user (id, password, last_login, is_superuser, username, first_name, last_name, email, is_staff, is_active, date_joined) VALUES (18, 'pbkdf2_sha256$120000$uyBfyr41wtqW$1BPScI+Yn86bRtm5idtpFX8XlijYJ5dC7GWEAgMNZBY=', null, false, 'AA7129184', '', '', '', false, true, '2019-05-13 13:35:25.502694');
INSERT INTO public.auth_user (id, password, last_login, is_superuser, username, first_name, last_name, email, is_staff, is_active, date_joined) VALUES (11, 'pbkdf2_sha256$120000$X2bAFiLsG2i7$tI0bifnPpaNKI1cIu3zoPj8J8QBgbRuI3A+uAONIz4g=', '2019-05-16 12:09:11.623048', false, 'ncd3', 'ncd3', 'ncd3', '', false, true, '2019-05-11 09:20:31.776630');
INSERT INTO public.auth_user (id, password, last_login, is_superuser, username, first_name, last_name, email, is_staff, is_active, date_joined) VALUES (12, 'pbkdf2_sha256$120000$w0nhjTXbnhtn$FbWOZGhj2uAmXVjZqyUAIqaXq7D46LuVfwWKLj4/1c0=', '2019-05-16 12:15:33.398730', false, 'ncd4', 'ncd4', 'ncd4', '', false, true, '2019-05-11 09:21:07.050488');
INSERT INTO public.auth_user (id, password, last_login, is_superuser, username, first_name, last_name, email, is_staff, is_active, date_joined) VALUES (1, 'pbkdf2_sha256$120000$QGbUIQsBUTnZ$yVljvfBOxJd3VOk9eR8/HYHEtwPXXDsHe5NrCMhChxw=', '2019-05-16 12:19:35.428336', true, 'root', '', '', '', true, true, '2019-05-07 04:32:35.244265');
INSERT INTO public.auth_user (id, password, last_login, is_superuser, username, first_name, last_name, email, is_staff, is_active, date_joined) VALUES (19, 'pbkdf2_sha256$120000$2jpETyJNJdx8$RDdpWbeoy1NHDydlpAsrDclV3syNB/OIPzu94LPd/7A=', null, false, 'AA1357461', '', '', '', false, true, '2019-05-14 10:06:13.650166');
INSERT INTO public.auth_user (id, password, last_login, is_superuser, username, first_name, last_name, email, is_staff, is_active, date_joined) VALUES (16, 'pbkdf2_sha256$120000$d0mcTX8QYhqt$IKrjiwGn5oIb4uP29ixihp/f+Hm/yUGuk3aOg5nBpvA=', null, false, 'AA3242652', '', '', '', false, true, '2019-05-13 11:47:21.419894');

INSERT INTO public.employee (id, step_finished, created, updated, send_sms, send_email, op2_ws_sent, op3_ws_sent, op4_ws_sent, full_name_ru, full_name_en, passport_serial, passport_given_date, passport_expires, passport_image, birth_date, birth_place_ru, birth_place_en, lives_at_ru, lives_at_en, gender, inn, phone, email, register_number, appearance, neatness, skin, height, weight, fatness, blood_group, blood_resus, vision_l, vision_r, photo_1, photo_2, photo_3, photo_4, military_duty, wages, is_ready_for_university, criminal_number, criminal_issue, criminal_comment_ru, criminal_comment_en, add_spec_signs_ru, add_spec_signs_en, hobby_ru, hobby_en, other_ru, other_en, psycholog, fingerprint, busy, is_student, is_youth_talent, is_employee, group_id, user_id, has_changed) VALUES (1, 4, '2019-05-13 11:47:21.000000', '2019-05-13 11:47:21.000000', true, false, true, true, true, 'Комилов Муродилло', 'Komilov Murodillo', 'AA 3242652', '2013-11-01', '2023-10-31', 'AA 3242652/passport_copy/Scan10002_vnoBiLp.jpg', '1983-08-15', 'Андижанская область, Шахриханский район"', '', 'Андижанская область, Шахриханский район,Назармахрам,Улица Назармахрам-1,20', '', 'm', '538914156', '+998-91-476-0848', '', '905A-13001CA', '7', '10', '7', '173', '80', '105', '1', '+', '1.2', '1.2', 'AA 3242652/photos/Scan10003.JPG', 'AA 3242652/photos/Scan10004.JPG', 'AA 3242652/photos/Scan10003_6dUY4ha.JPG', 'AA 3242652/photos/Scan10004_hALTgvZ.JPG', false, '1000-1500', false, '0000', '2019-05-15', 'кпеекен11', '', 'рнраптр', '', 'тапрт', '', 'атпртапр', '', 7, '', false, false, false, true, 2, 16, false);
INSERT INTO public.employee (id, step_finished, created, updated, send_sms, send_email, op2_ws_sent, op3_ws_sent, op4_ws_sent, full_name_ru, full_name_en, passport_serial, passport_given_date, passport_expires, passport_image, birth_date, birth_place_ru, birth_place_en, lives_at_ru, lives_at_en, gender, inn, phone, email, register_number, appearance, neatness, skin, height, weight, fatness, blood_group, blood_resus, vision_l, vision_r, photo_1, photo_2, photo_3, photo_4, military_duty, wages, is_ready_for_university, criminal_number, criminal_issue, criminal_comment_ru, criminal_comment_en, add_spec_signs_ru, add_spec_signs_en, hobby_ru, hobby_en, other_ru, other_en, psycholog, fingerprint, busy, is_student, is_youth_talent, is_employee, group_id, user_id, has_changed) VALUES (4, 4, '2019-05-14 10:06:13.636791', '2019-05-14 10:06:13.636803', true, false, true, true, true, 'Балтабоев Маруф', 'Baltaboyev Maruf', 'AA 1357461', '2013-05-08', '2023-05-07', 'AA 1357461/passport_copy/BALTABOEV_MARUF_Страница_1.jpg', '2013-05-08', 'Андижанская область, Асакинский район', '', 'Андижанская область, Асакинский район,Заковат МФЙ', '', 'm', '00000000', '+998-94-432-4722', '', '905B-14004CA', 7, 7, 10, 174, 74, 100, 1, '+', 1.2, 1.2, 'AA 1357461/photos/BALTABOEV_MARUF_3x4.jpg', 'AA 1357461/photos/BALTABOEV_MARUF_3x4_kSUcR7X.jpg', 'AA 1357461/photos/BALTABOEV_MARUF_3x4_dMBDAkO.jpg', 'AA 1357461/photos/BALTABOEV_MARUF_3x4_tSCNcv2.jpg', true, '1000-1500', true, '0000', '2019-03-20', 1, '', 1, '', 'Футбол', '', 1, '', 8, '', false, false, false, true, 2, 19, false);
INSERT INTO public.employee (id, step_finished, created, updated, send_sms, send_email, op2_ws_sent, op3_ws_sent, op4_ws_sent, full_name_ru, full_name_en, passport_serial, passport_given_date, passport_expires, passport_image, birth_date, birth_place_ru, birth_place_en, lives_at_ru, lives_at_en, gender, inn, phone, email, register_number, appearance, neatness, skin, height, weight, fatness, blood_group, blood_resus, vision_l, vision_r, photo_1, photo_2, photo_3, photo_4, military_duty, wages, is_ready_for_university, criminal_number, criminal_issue, criminal_comment_ru, criminal_comment_en, add_spec_signs_ru, add_spec_signs_en, hobby_ru, hobby_en, other_ru, other_en, psycholog, fingerprint, busy, is_student, is_youth_talent, is_employee, group_id, user_id, has_changed) VALUES (2, 4, '2019-05-13 13:00:18.000000', '2019-05-13 13:00:18.000000', true, false, true, true, true, 'Олимжонов Азизбек', 'Olimjonov Azizbek', 'AB 0904365', '2015-08-31', '2025-08-30', 'AB 0904365/passport_copy/1280x720-white-solid-color-background.jpg', '1999-08-17', 'Андижанская область, Шахриханский район', '', 'Андижанская область, Асакинский район,Ул.Хумо', '', 'm', '000000000', '+998-93-243-1700', '', '905A-13002CA', 10, 10, 10, 173, 65, 95, 1, '+', 1.2, 1.2, 'AB 0904365/photos/1280x720-white-solid-color-background.jpg', 'AB 0904365/photos/1280x720-white-solid-color-background_FAfAll7.jpg', 'AB 0904365/photos/1280x720-white-solid-color-background_WKT9VoQ.jpg', 'AB 0904365/photos/1280x720-white-solid-color-background_E1HylJa.jpg', false, '1000-1500', true, '0001', '2018-12-13', 'Комментарий', '', 'Особые приметы', '', 'Хобби', '', 'Прочее', '', 10, '', false, true, false, false, 2, 17, false);
INSERT INTO public.employee (id, step_finished, created, updated, send_sms, send_email, op2_ws_sent, op3_ws_sent, op4_ws_sent, full_name_ru, full_name_en, passport_serial, passport_given_date, passport_expires, passport_image, birth_date, birth_place_ru, birth_place_en, lives_at_ru, lives_at_en, gender, inn, phone, email, register_number, appearance, neatness, skin, height, weight, fatness, blood_group, blood_resus, vision_l, vision_r, photo_1, photo_2, photo_3, photo_4, military_duty, wages, is_ready_for_university, criminal_number, criminal_issue, criminal_comment_ru, criminal_comment_en, add_spec_signs_ru, add_spec_signs_en, hobby_ru, hobby_en, other_ru, other_en, psycholog, fingerprint, busy, is_student, is_youth_talent, is_employee, group_id, user_id, has_changed) VALUES (3, 4, '2019-05-13 13:35:25.000000', '2019-05-13 13:35:25.000000', true, false, true, true, true, 'Мамаджонов Исажон', 'Mamadjonov Isajon', 'AA 7129184', '2014-10-02', '2024-10-01', 'AA 7129184/passport_copy/MAMADJONOV_ISAJON_01_Страница_1.jpg', '1983-12-19', 'Андижанская область, Шахриханский район', '', 'Андижанская область, Шахриханский район', '', 'm', '489364139', '+998-93-387-2185', '', '905A-13003CA', 7, 7, 7, 185, 90, 100, 2, '+', 1.2, 1.2, 'AA 7129184/photos/Mamadjonov_Isajon_3x4_QN4vVQR.jpg', 'AA 7129184/photos/Mamadjonov_Isajon_3x4_ueimBal.jpg', 'AA 7129184/photos/Mamadjonov_Isajon_3x4_zu8lV4b.jpg', 'AA 7129184/photos/Mamadjonov_Isajon_3x4_sNB8UBy.jpg', false, '1000-1500', true, '1234', '2019-05-02', 'Comment', '', 'Comment', '', 'Comment', '', 'Comment', '', 8, '', false, false, false, true, 2, 18, false);
INSERT INTO public.employee (id, step_finished, created, updated, send_sms, send_email, op2_ws_sent, op3_ws_sent, op4_ws_sent, full_name_ru, full_name_en, passport_serial, passport_given_date, passport_expires, passport_image, birth_date, birth_place_ru, birth_place_en, lives_at_ru, lives_at_en, gender, inn, phone, email, register_number, appearance, neatness, skin, height, weight, fatness, blood_group, blood_resus, vision_l, vision_r, photo_1, photo_2, photo_3, photo_4, military_duty, wages, is_ready_for_university, criminal_number, criminal_issue, criminal_comment_ru, criminal_comment_en, add_spec_signs_ru, add_spec_signs_en, hobby_ru, hobby_en, other_ru, other_en, psycholog, fingerprint, busy, is_student, is_youth_talent, is_employee, group_id, user_id, has_changed) VALUES (9, 4, '2019-05-16 10:23:55.990052', '2019-05-16 10:23:55.990061', true, false, true, true, true, 'Ортиков Исломбек', 'Ortikov Islombek', 'AC 0212737', '2018-11-19', '2028-11-18', 'AC 0212737/passport_copy/ORTIKOV_ISLOMBEK_01_Страница_2.jpg', '1992-09-27', 'Андижанская область, Шахриханский район', '', 'Андижанская область, Шахриханский район,С.Рахимов,52', '', 'm', '123123123', '+998-94-100-6811', '', '905D-16009CA', 7, 10, 7, 0, 0, 0, 1, '+', '1', 1, 'AC 0212737/photos/ORTIKOV_ISLOMBEK_01_Страница_2_DVk7aCQ.jpg', 'AC 0212737/photos/Scan1_soXmd98.JPG', 'AC 0212737/photos/Scan1_PR9IYgP.JPG', 'AC 0212737/photos/Scan1_sYYGHWU.JPG', false, '1000-1500', false, '', '', '', '', '', '', '', '', '', '', 10, '', false, false, false, true, 2, 24, false);
INSERT INTO public.employee (id, step_finished, created, updated, send_sms, send_email, op2_ws_sent, op3_ws_sent, op4_ws_sent, full_name_ru, full_name_en, passport_serial, passport_given_date, passport_expires, passport_image, birth_date, birth_place_ru, birth_place_en, lives_at_ru, lives_at_en, gender, inn, phone, email, register_number, appearance, neatness, skin, height, weight, fatness, blood_group, blood_resus, vision_l, vision_r, photo_1, photo_2, photo_3, photo_4, military_duty, wages, is_ready_for_university, criminal_number, criminal_issue, criminal_comment_ru, criminal_comment_en, add_spec_signs_ru, add_spec_signs_en, hobby_ru, hobby_en, other_ru, other_en, psycholog, fingerprint, busy, is_student, is_youth_talent, is_employee, group_id, user_id, has_changed) VALUES (5, 4, '2019-05-14 11:05:37.122316', '2019-05-14 11:05:37.122334', true, false, true, true, true, 'Зулунов Козимжон', 'Zulunov Kozimjon', 'AB 1910485', '2015-11-13', '2025-11-12', 'AB 1910485/passport_copy/ZULUNOV_KOZIMJON_Страница_1.jpg', '1982-09-01', 'Ташкентская область, Кибрайский район', '', 'Ташкентская область, Кибрайский район', '', 'm', '510190940', '+998-90-187-4222', '', '905B-14005CA', 7, 7, 7, 176, 78, 10, 1, '+', 1.2, 1.2, 'AB 1910485/photos/DSC_0033.jpg', 'AB 1910485/photos/DSC_0035.jpg', 'AB 1910485/photos/DSC_0033_odR8mku.jpg', 'AB 1910485/photos/DSC_0035_8EJEydM.jpg', true, '500-1000', false, '6533', '2019-02-05', '', '', '', '', 'Воллейбол', '', '', '', 10, '', false, false, false, true, 2, 20, false);
INSERT INTO public.employee (id, step_finished, created, updated, send_sms, send_email, op2_ws_sent, op3_ws_sent, op4_ws_sent, full_name_ru, full_name_en, passport_serial, passport_given_date, passport_expires, passport_image, birth_date, birth_place_ru, birth_place_en, lives_at_ru, lives_at_en, gender, inn, phone, email, register_number, appearance, neatness, skin, height, weight, fatness, blood_group, blood_resus, vision_l, vision_r, photo_1, photo_2, photo_3, photo_4, military_duty, wages, is_ready_for_university, criminal_number, criminal_issue, criminal_comment_ru, criminal_comment_en, add_spec_signs_ru, add_spec_signs_en, hobby_ru, hobby_en, other_ru, other_en, psycholog, fingerprint, busy, is_student, is_youth_talent, is_employee, group_id, user_id, has_changed) VALUES (6, 4, '2019-05-14 11:17:36.376168', '2019-05-14 11:17:36.376181', true, false, true, true, true, 'Набиев Абдурахмон', 'Nabiyev Abdurakhmon', 'AA 8427902', '2015-01-20', '2025-01-19', 'AA 8427902/passport_copy/NABIEV_ABDURAKHMON_Страница_1.jpg', '1993-06-03', 'Андижанская область, Шахриханский район', '', 'Андижанская область, Шахриханский район,пос.Гулистан', '', 'm', '000000000', '+998-94-382-9398', '', '905B-14005CA', 7, 7, 7, 174, 75, 100, 1, '+', 1.2, 1.2, 'AA 8427902/photos/1280x720-white-solid-color-background_SSeB88z.jpg', 'AA 8427902/photos/1280x720-white-solid-color-background_gkR95bf.jpg', 'AA 8427902/photos/1280x720-white-solid-color-background_jSeAdRp.jpg', 'AA 8427902/photos/1280x720-white-solid-color-background_LH2TQTh.jpg', false, '1000-1500', true, '', '', '', '', '', '', '', '', '', '', 8, '', false, false, false, true, 2, 21, false);
INSERT INTO public.employee (id, step_finished, created, updated, send_sms, send_email, op2_ws_sent, op3_ws_sent, op4_ws_sent, full_name_ru, full_name_en, passport_serial, passport_given_date, passport_expires, passport_image, birth_date, birth_place_ru, birth_place_en, lives_at_ru, lives_at_en, gender, inn, phone, email, register_number, appearance, neatness, skin, height, weight, fatness, blood_group, blood_resus, vision_l, vision_r, photo_1, photo_2, photo_3, photo_4, military_duty, wages, is_ready_for_university, criminal_number, criminal_issue, criminal_comment_ru, criminal_comment_en, add_spec_signs_ru, add_spec_signs_en, hobby_ru, hobby_en, other_ru, other_en, psycholog, fingerprint, busy, is_student, is_youth_talent, is_employee, group_id, user_id, has_changed) VALUES (7, 4, '2019-05-14 12:21:41.739388', '2019-05-14 12:21:41.739401', true, false, true, true, true, 'Абдукаримов Абдукабир', 'Abdukarimov Abdukabir', 'AA 3857974', '2014-01-10', '2024-02-21', 'AA 3857974/passport_copy/Abdukarimov_Abdukabir_Страница_1.jpg', '1993-02-21', 'Ферганская область, Ферганский район', '', 'current": "Ферганская область, Ферганский район', '', 'm', '560497564', '+998-94-382-9398', '', '905B-14007CA', 7, 10, 10, 175, 68, 95, 3, '+', 1.2, 1.2, 'AA 3857974/photos/Abdukarimov_Abdukabir_Страница_4.jpg', 'AA 3857974/photos/Abdukarimov_Abdukabir_Страница_5.jpg', 'AA 3857974/photos/Abdukarimov_Abdukabir_Страница_5_jBRFX5p.jpg', 'AA 3857974/photos/Abdukarimov_Abdukabir_Страница_4_MjmSSvO.jpg', false, '1000-1500', false, '5375', '2019-03-15', '', '', '', '', '', '', '', '', 9, '', false, false, false, false, 2, 22, false);
INSERT INTO public.employee (id, step_finished, created, updated, send_sms, send_email, op2_ws_sent, op3_ws_sent, op4_ws_sent, full_name_ru, full_name_en, passport_serial, passport_given_date, passport_expires, passport_image, birth_date, birth_place_ru, birth_place_en, lives_at_ru, lives_at_en, gender, inn, phone, email, register_number, appearance, neatness, skin, height, weight, fatness, blood_group, blood_resus, vision_l, vision_r, photo_1, photo_2, photo_3, photo_4, military_duty, wages, is_ready_for_university, criminal_number, criminal_issue, criminal_comment_ru, criminal_comment_en, add_spec_signs_ru, add_spec_signs_en, hobby_ru, hobby_en, other_ru, other_en, psycholog, fingerprint, busy, is_student, is_youth_talent, is_employee, group_id, user_id, has_changed) VALUES (8, 4, '2019-05-14 12:50:09.889371', '2019-05-14 12:50:09.889382', true, false, true, true, true, 'Акобиров Улугбек', 'Akobirov Ulugbek', 'AA 6351738', '2014-08-03', '2024-08-02', 'AA 6351738/passport_copy/Akobirov_Ulugbek_Страница_1.jpg', '1985-06-17', 'Ташкент, Юнусабадский район', '', 'Ташкент, Юнусабадский район', '', 'm', '000000000', '+998-94-657-2117', '', '905B-14008CA', 7, 10, 10, 173, 65, 95, 1, '+', 1.2, 1.2, 'AA 6351738/photos/Akobirov_Ulugbek_foto_resume_Страница_2_MCzMuzd.jpg', 'AA 6351738/photos/Akobirov_Ulugbek_foto_resume_Страница_3_FsJpdzr.jpg', 'AA 6351738/photos/Akobirov_Ulugbek_foto_resume_Страница_3_6rPBbiu.jpg', 'AA 6351738/photos/Akobirov_Ulugbek_foto_resume_Страница_2_6VWSgzi.jpg', true, '1000-1500', false, '0000', '2019-05-28', '', '', '', '', '', '', '', '', 10, '', false, false, false, true, 2, 23, false);
INSERT INTO public.employee (id, step_finished, created, updated, send_sms, send_email, op2_ws_sent, op3_ws_sent, op4_ws_sent, full_name_ru, full_name_en, passport_serial, passport_given_date, passport_expires, passport_image, birth_date, birth_place_ru, birth_place_en, lives_at_ru, lives_at_en, gender, inn, phone, email, register_number, appearance, neatness, skin, height, weight, fatness, blood_group, blood_resus, vision_l, vision_r, photo_1, photo_2, photo_3, photo_4, military_duty, wages, is_ready_for_university, criminal_number, criminal_issue, criminal_comment_ru, criminal_comment_en, add_spec_signs_ru, add_spec_signs_en, hobby_ru, hobby_en, other_ru, other_en, psycholog, fingerprint, busy, is_student, is_youth_talent, is_employee, group_id, user_id, has_changed) VALUES (10, 4, '2019-05-16 11:25:30.382072', '2019-05-16 11:25:30.382083', true, false, true, true, true, 'Набиев Зиёидин', 'Nabiyev Ziyoidin', 'AA 8812742', '2015-03-07', '2025-03-06', 'AA 8812742/passport_copy/NABIYEV_ZIYOIDIN_Страница_1.jpg', '1994-08-04', 'Андижанская область, Шахриханский район', '', 'Андижанская область, Шахриханский район,Гулистан КФЙ,Карнайчи', '', 'm', '123123123', '+998-94-108-9200', '', '905D-16010CA', 10, 10, 10, 173, 65, 100, 1, '+', 1.2, 1.2, 'AA 8812742/photos/Scan1.JPG', 'AA 8812742/photos/Scan1_ztD9BLa.JPG', 'AA 8812742/photos/Scan1_j2iwt9e.JPG', 'AA 8812742/photos/Scan1_38p6Kvv.JPG', true, '1000-1500', false, '', '', '', '', '', '', '', '', '', '', 10, '', false, false, false, false, 2, 25, false);
INSERT INTO public.employee (id, step_finished, created, updated, send_sms, send_email, op2_ws_sent, op3_ws_sent, op4_ws_sent, full_name_ru, full_name_en, passport_serial, passport_given_date, passport_expires, passport_image, birth_date, birth_place_ru, birth_place_en, lives_at_ru, lives_at_en, gender, inn, phone, email, register_number, appearance, neatness, skin, height, weight, fatness, blood_group, blood_resus, vision_l, vision_r, photo_1, photo_2, photo_3, photo_4, military_duty, wages, is_ready_for_university, criminal_number, criminal_issue, criminal_comment_ru, criminal_comment_en, add_spec_signs_ru, add_spec_signs_en, hobby_ru, hobby_en, other_ru, other_en, psycholog, fingerprint, busy, is_student, is_youth_talent, is_employee, group_id, user_id, has_changed) VALUES (11, 4, '2019-05-16 11:50:10.815105', '2019-05-16 11:50:10.815118', true, false, true, true, true, 'Зохиджонов Муслимбек', 'Zokhidjonov Muslimbek', 'AA 4025167', '2014-01-22', '2024-01-21', 'AA 4025167/passport_copy/ZOKHIDJONOV_MUSLIMBEK_Страница_1.jpg', '1996-05-15', 'Андижанская область, Шахриханский район', '', 'Андижанская область, Шахриханский район,Бустон,10', '', 'm', '546611751', '+998-99-999-1575', '', '905D-16011CA', 10, 10, 7, 168, 65, 95, 1, '+', 1.2, 1.2, 'AA 4025167/photos/1280x720-white-solid-color-background.jpg', 'AA 4025167/photos/1280x720-white-solid-color-background_nLfVjb0.jpg', 'AA 4025167/photos/1280x720-white-solid-color-background_iFfo2Cz.jpg', 'AA 4025167/photos/1280x720-white-solid-color-background_yGSrXWX.jpg', true, '1000-1500', false, '9864', '2019-01-17', 'as', '', 'asd', '', 'sad', '', 'asd', '', 10, '', false, false, false, true, 2, 26, false);
INSERT INTO public.employee__army (id, name_ru, name_en, region_ru, region_en, specialization_ru, specialization_en, date_started, date_graduated, rank_ru, rank_en, employee_id) VALUES (4, '1', '', '{"current": 1}', '', '', '', '', '', '', '', 1);
INSERT INTO public.employee__army (id, name_ru, name_en, region_ru, region_en, specialization_ru, specialization_en, date_started, date_graduated, rank_ru, rank_en, employee_id) VALUES (5, '{"current": 1}', '', '{"current": 1}', '', '', '', '', '', '', '', 2);
INSERT INTO public.employee__army (id, name_ru, name_en, region_ru, region_en, specialization_ru, specialization_en, date_started, date_graduated, rank_ru, rank_en, employee_id) VALUES (6, '{"current": 1}', '', '{"current": 1}', '', '', '', '', '', '', '', 3);
INSERT INTO public.employee__army (id, name_ru, name_en, region_ru, region_en, specialization_ru, specialization_en, date_started, date_graduated, rank_ru, rank_en, employee_id) VALUES (7, '{"current": 1}', '', '{"current": 1}', '', '', '', '', '', '', '', 4);
INSERT INTO public.employee__army (id, name_ru, name_en, region_ru, region_en, specialization_ru, specialization_en, date_started, date_graduated, rank_ru, rank_en, employee_id) VALUES (8, '{"current": 1}', '', '{"current": 1}', '', '', '', '', '', '', '', 6);
INSERT INTO public.employee__army (id, name_ru, name_en, region_ru, region_en, specialization_ru, specialization_en, date_started, date_graduated, rank_ru, rank_en, employee_id) VALUES (9, '{"current": 1}', '', '{"current": 1}', '', '', '', '', '', '', '', 7);
INSERT INTO public.employee__army (id, name_ru, name_en, region_ru, region_en, specialization_ru, specialization_en, date_started, date_graduated, rank_ru, rank_en, employee_id) VALUES (10, '{"current": 1}', '', '{"current": 1}', '', '{"current": "\t"}', '', '{"current": "2001-05-11"}', '{"current": "2002-05-11"}', '{"current": "рядавой\t\t"}', '', 5);
INSERT INTO public.employee__army (id, name_ru, name_en, region_ru, region_en, specialization_ru, specialization_en, date_started, date_graduated, rank_ru, rank_en, employee_id) VALUES (11, '{"current": 1}', '', '{"current": 1}', '', '', '', '', '', '', '', 8);
INSERT INTO public.employee__army (id, name_ru, name_en, region_ru, region_en, specialization_ru, specialization_en, date_started, date_graduated, rank_ru, rank_en, employee_id) VALUES (12, '{"current": 1}', '', '{"current": 1}', '', '', '', '', '', '', '', 10);
INSERT INTO public.employee__army (id, name_ru, name_en, region_ru, region_en, specialization_ru, specialization_en, date_started, date_graduated, rank_ru, rank_en, employee_id) VALUES (13, '{"current": 1}', '', '{"current": 1}', '', '', '', '', '', '', '', 11);
INSERT INTO public.employee__army (id, name_ru, name_en, region_ru, region_en, specialization_ru, specialization_en, date_started, date_graduated, rank_ru, rank_en, employee_id) VALUES (14, '{"current": 1}', '', '{"current": 1}', '', '', '', '', '', '', '', 9);
INSERT INTO public.employee__countries (id, country_id, employee_id) VALUES (10, 6, 1);
INSERT INTO public.employee__countries (id, country_id, employee_id) VALUES (11, 8, 1);
INSERT INTO public.employee__countries (id, country_id, employee_id) VALUES (12, 2, 2);
INSERT INTO public.employee__countries (id, country_id, employee_id) VALUES (13, 8, 3);
INSERT INTO public.employee__countries (id, country_id, employee_id) VALUES (16, 2, 4);
INSERT INTO public.employee__countries (id, country_id, employee_id) VALUES (17, 5, 4);
INSERT INTO public.employee__countries (id, country_id, employee_id) VALUES (18, 2, 4);
INSERT INTO public.employee__countries (id, country_id, employee_id) VALUES (19, 5, 4);
INSERT INTO public.employee__countries (id, country_id, employee_id) VALUES (20, 2, 6);
INSERT INTO public.employee__countries (id, country_id, employee_id) VALUES (21, 5, 6);
INSERT INTO public.employee__countries (id, country_id, employee_id) VALUES (22, 2, 7);
INSERT INTO public.employee__countries (id, country_id, employee_id) VALUES (23, 5, 8);
INSERT INTO public.employee__countries (id, country_id, employee_id) VALUES (24, 5, 5);
INSERT INTO public.employee__countries (id, country_id, employee_id) VALUES (39, 2, 10);
INSERT INTO public.employee__countries (id, country_id, employee_id) VALUES (40, 5, 10);
INSERT INTO public.employee__countries (id, country_id, employee_id) VALUES (41, 2, 9);
INSERT INTO public.employee__countries (id, country_id, employee_id) VALUES (42, 5, 9);
INSERT INTO public.employee__countries (id, country_id, employee_id) VALUES (45, 2, 11);
INSERT INTO public.employee__countries (id, country_id, employee_id) VALUES (46, 5, 11);
INSERT INTO public.employee__education (id, name_ru, name_en, address_ru, address_en, specialization_ru, specialization_en, date_started, date_graduated, additional_ru, additional_en, employee_id, type_id) VALUES (4, '{"current": "Шахриханский колледж агросервиса "}', '', '{"current": "Андижанская область, Шахриханский район"}', '', '{"current": "Механизация Сельского Хозяйства"}', '', '{"current": ["1999-09-02"]}', '{"current": "2002-06-29"}', '', '', 1, 2);
INSERT INTO public.employee__education (id, name_ru, name_en, address_ru, address_en, specialization_ru, specialization_en, date_started, date_graduated, additional_ru, additional_en, employee_id, type_id) VALUES (6, '{"current": "Shakhrikhan Agricultural college "}', '', '{"current": "Андижанская область, Шахриханский район"}', '', '{"current": "Law& Economics "}', '', '{"current": [""]}', '', '', '', 3, 2);
INSERT INTO public.employee__education (id, name_ru, name_en, address_ru, address_en, specialization_ru, specialization_en, date_started, date_graduated, additional_ru, additional_en, employee_id, type_id) VALUES (7, '{"current": "Asaka Small & Medium Business College\t\t\t\t\t\t"}', '', '{"current": "Андижанская область, Асакинский район"}', '', '{"current": "Construction "}', '', '{"current": ["2004-09-02"]}', '{"current": "2007-05-25"}', '', '', 4, 2);
INSERT INTO public.employee__education (id, name_ru, name_en, address_ru, address_en, specialization_ru, specialization_en, date_started, date_graduated, additional_ru, additional_en, employee_id, type_id) VALUES (8, '{"current": "Средняя школа №2"}', '', '{"current": "Андижанская область, Шахриханский район"}', '', '', '', '{"current": ["2000-09-02"]}', '{"current": "2009-05-25"}', '', '', 6, 1);
INSERT INTO public.employee__education (id, name_ru, name_en, address_ru, address_en, specialization_ru, specialization_en, date_started, date_graduated, additional_ru, additional_en, employee_id, type_id) VALUES (9, '{"current": "Ферганский Техникум профессионального ремесленного училища\t\t\t\t\t\t"}', '', '{"current": "Ферганская область, Ферганский район"}', '', '{"current": "Механик сельскохозяйственной техники и оборудования\t\t"}', '', '{"current": ["2013-09-05"]}', '{"current": "2016-05-25"}', '', '', 7, 2);
INSERT INTO public.employee__education (id, name_ru, name_en, address_ru, address_en, specialization_ru, specialization_en, date_started, date_graduated, additional_ru, additional_en, employee_id, type_id) VALUES (11, '{"current": "Commercial College of Aska\t\t\t\t\t"}', '', '{"current": "Тошкент  область Кибрай район МФЙ учкургон  \t\t\t\t\t\t\t\tТошкент область, Асака  р-н\t\t\t\t\t"}', '', '{"current": "Accounting\t\t"}', '', '{"current": ["1997-09-01"]}', '{"current": "2000-05-25"}', '', '', 5, 2);
INSERT INTO public.employee__education (id, name_ru, name_en, address_ru, address_en, specialization_ru, specialization_en, date_started, date_graduated, additional_ru, additional_en, employee_id, type_id) VALUES (12, '', '', '', '', '', '', '{"current": ["1992-09-01"]}', '{"current": "2003-05-25"}', '', '', 8, 1);
INSERT INTO public.employee__education (id, name_ru, name_en, address_ru, address_en, specialization_ru, specialization_en, date_started, date_graduated, additional_ru, additional_en, employee_id, type_id) VALUES (13, '{"current": "Shahrikhan Agricultural Professional College "}', '', '{"current": "Андижанская область, Шахриханский район"}', '', '{"current": "Acconting-Economics"}', '', '{"current": ["2010-09-02"]}', '{"current": "2013-06-20"}', '', '', 10, 2);
INSERT INTO public.employee__education (id, name_ru, name_en, address_ru, address_en, specialization_ru, specialization_en, date_started, date_graduated, additional_ru, additional_en, employee_id, type_id) VALUES (15, '{"current": "Шахриханский Агропромышленный Колледж"}', '', '{"current": "Андижанская область, Шахриханский район"}', '', '', '', '{"current": ["2012-09-02"]}', '{"current": "2015-05-25"}', '', '', 11, 2);
INSERT INTO public.employee__education (id, name_ru, name_en, address_ru, address_en, specialization_ru, specialization_en, date_started, date_graduated, additional_ru, additional_en, employee_id, type_id) VALUES (16, '{"current": "Средняя школа №8"}', '', '{"current": "Андижанская область, Шахриханский район"}', '', '', '', '{"current": ["1999-09-02"]}', '{"current": "2008-05-25"}', '', '', 9, 1);
INSERT INTO public.employee__experience (id, organization_ru, organization_en, date_started, date_finished, position_ru, position_en, sub_division_ru, sub_division_en, address_ru, address_en, employee_id) VALUES (4, '', '', '', '', '', '', '', '', '', '', 1);
INSERT INTO public.employee__experience (id, organization_ru, organization_en, date_started, date_finished, position_ru, position_en, sub_division_ru, sub_division_en, address_ru, address_en, employee_id) VALUES (5, '', '', '', '', '', '', '', '', '', '', 2);
INSERT INTO public.employee__experience (id, organization_ru, organization_en, date_started, date_finished, position_ru, position_en, sub_division_ru, sub_division_en, address_ru, address_en, employee_id) VALUES (6, '', '', '', '', '', '', '', '', '', '', 3);
INSERT INTO public.employee__experience (id, organization_ru, organization_en, date_started, date_finished, position_ru, position_en, sub_division_ru, sub_division_en, address_ru, address_en, employee_id) VALUES (7, '{"current": "Строительные проекты в Российской Федерации"}', '', '', '', '{"current": "Строитель,Бригадир "}', '', '{"current": "Turnkey Construction (concrete foundation, walls,  roof, finishing)"}', '', '{"current": "Российская Федерация"}', '', 4);
INSERT INTO public.employee__experience (id, organization_ru, organization_en, date_started, date_finished, position_ru, position_en, sub_division_ru, sub_division_en, address_ru, address_en, employee_id) VALUES (8, '{"current": "Строительные проекты в Узбекистане "}', '', '', '', '{"current": "Строитель,Бригадир "}', '', '{"current": "Turnkey Construction (concrete foundation, walls,  roof, finishing)"}', '', '{"current": "Андижанская область, Асакинский район"}', '', 4);
INSERT INTO public.employee__experience (id, organization_ru, organization_en, date_started, date_finished, position_ru, position_en, sub_division_ru, sub_division_en, address_ru, address_en, employee_id) VALUES (9, '', '', '', '', '', '', '', '', '', '', 6);
INSERT INTO public.employee__experience (id, organization_ru, organization_en, date_started, date_finished, position_ru, position_en, sub_division_ru, sub_division_en, address_ru, address_en, employee_id) VALUES (10, '{"current": "Строительные проекты в России"}', '', '', '', '{"current": "Строитель"}', '', '', '', '{"current": "Российская Федерация,Москва"}', '', 7);
INSERT INTO public.employee__experience (id, organization_ru, organization_en, date_started, date_finished, position_ru, position_en, sub_division_ru, sub_division_en, address_ru, address_en, employee_id) VALUES (11, '{"current": "Строительные проекты в Узбекистане "}', '', '', '', '{"current": "Столяр"}', '', '', '', '{"current": "Ферганская область, Ферганский район"}', '', 7);
INSERT INTO public.employee__experience (id, organization_ru, organization_en, date_started, date_finished, position_ru, position_en, sub_division_ru, sub_division_en, address_ru, address_en, employee_id) VALUES (12, '{"current": "Частный подряд\t\t\t\t"}', '', '{"current": "2004-05-12"}', '{"current": "2018-07-15"}', '{"current": "Строительство\t\t"}', '', '', '', '{"current": "Ташкентская область Кибрайский район "}', '', 5);
INSERT INTO public.employee__experience (id, organization_ru, organization_en, date_started, date_finished, position_ru, position_en, sub_division_ru, sub_division_en, address_ru, address_en, employee_id) VALUES (13, '{"current": "Строительные проекты в узбекистане"}', '', '{"current": "2003-02-05"}', '{"current": "2008-02-05"}', '{"current": "Разнорабочий "}', '', '', '', '{"current": "Ташкент, Юнусабадский район"}', '', 8);
INSERT INTO public.employee__experience (id, organization_ru, organization_en, date_started, date_finished, position_ru, position_en, sub_division_ru, sub_division_en, address_ru, address_en, employee_id) VALUES (14, '{"current": "Transstroy tonnel OOO"}', '', '{"current": "2008-02-06"}', '{"current": "2010-02-06"}', '{"current": "Разнорабочий"}', '', '', '', '{"current": "Российская Федерация"}', '', 8);
INSERT INTO public.employee__experience (id, organization_ru, organization_en, date_started, date_finished, position_ru, position_en, sub_division_ru, sub_division_en, address_ru, address_en, employee_id) VALUES (15, '{"current": "\"Shahrikhan Navsilash\" Farm "}', '', '{"current": "2016-01-01"}', '{"current": "2018-01-01"}', '{"current": "Работник"}', '', '{"current": "ыва"}', '', '{"current": "Андижанская область, Шахриханский район"}', '', 10);
INSERT INTO public.employee__experience (id, organization_ru, organization_en, date_started, date_finished, position_ru, position_en, sub_division_ru, sub_division_en, address_ru, address_en, employee_id) VALUES (16, '{"current": "\"Vikona Plus\" ООО"}', '', '{"current": "2012-01-01"}', '{"current": "2013-01-01"}', '{"current": "Работник"}', '', '{"current": "выаыв"}', '', '{"current": "Андижанская область, Шахриханский район"}', '', 10);
INSERT INTO public.employee__experience (id, organization_ru, organization_en, date_started, date_finished, position_ru, position_en, sub_division_ru, sub_division_en, address_ru, address_en, employee_id) VALUES (17, '{"current": "\"Tado shoes\""}', '', '', '', '{"current": "Текстильный Специалист"}', '', '', '', '', '', 11);
INSERT INTO public.employee__experience (id, organization_ru, organization_en, date_started, date_finished, position_ru, position_en, sub_division_ru, sub_division_en, address_ru, address_en, employee_id) VALUES (18, '{"current": "Private textile Co."}', '', '', '', '{"current": "Текстильный Специалист"}', '', '', '', '', '', 11);
INSERT INTO public.employee__experience (id, organization_ru, organization_en, date_started, date_finished, position_ru, position_en, sub_division_ru, sub_division_en, address_ru, address_en, employee_id) VALUES (19, '', '', '', '', '', '', '', '', '', '', 9);
INSERT INTO public.employee__family (id, status_ru, status_en, children_amount, employee_id) VALUES (3, 1, 1, '{"current": "0"}', 2);
INSERT INTO public.employee__family (id, status_ru, status_en, children_amount, employee_id) VALUES (4, '{"current": "2"}', 2, 1, 4);
INSERT INTO public.employee__family (id, status_ru, status_en, children_amount, employee_id) VALUES (5, 1, 1, '', 6);
INSERT INTO public.employee__family (id, status_ru, status_en, children_amount, employee_id) VALUES (6, 1, 1, '{"current": "3"}', 7);
INSERT INTO public.employee__family (id, status_ru, status_en, children_amount, employee_id) VALUES (7, '{"current": "2"}', 2, '{"current": "3"}', 5);
INSERT INTO public.employee__family (id, status_ru, status_en, children_amount, employee_id) VALUES (8, '{"current": "2"}', 2, '{"current": "2"}', 8);
INSERT INTO public.employee__family (id, status_ru, status_en, children_amount, employee_id) VALUES (9, '{"current": "2"}', 2, 1, 10);
INSERT INTO public.employee__family (id, status_ru, status_en, children_amount, employee_id) VALUES (10, 1, 1, '{"current": "0"}', 11);
INSERT INTO public.employee__family (id, status_ru, status_en, children_amount, employee_id) VALUES (11, '{"current": "2"}', 2, 1, 9);
INSERT INTO public.employee__language (id, level, is_required_to_check, employee_id, language_id) VALUES (5, 1, true, 1, 3);
INSERT INTO public.employee__language (id, level, is_required_to_check, employee_id, language_id) VALUES (6, '{"current": "2"}', true, 1, 4);
INSERT INTO public.employee__language (id, level, is_required_to_check, employee_id, language_id) VALUES (7, 1, true, 2, 3);
INSERT INTO public.employee__language (id, level, is_required_to_check, employee_id, language_id) VALUES (8, 1, true, 2, 2);
INSERT INTO public.employee__language (id, level, is_required_to_check, employee_id, language_id) VALUES (9, '{"current": "2"}', true, 2, 1);
INSERT INTO public.employee__language (id, level, is_required_to_check, employee_id, language_id) VALUES (11, 1, true, 3, 3);
INSERT INTO public.employee__language (id, level, is_required_to_check, employee_id, language_id) VALUES (12, '{"current": "2"}', true, 3, 2);
INSERT INTO public.employee__language (id, level, is_required_to_check, employee_id, language_id) VALUES (13, 1, true, 4, 3);
INSERT INTO public.employee__language (id, level, is_required_to_check, employee_id, language_id) VALUES (14, '{"current": "3"}', true, 4, 2);
INSERT INTO public.employee__language (id, level, is_required_to_check, employee_id, language_id) VALUES (15, '{"current": "3"}', true, 4, 4);
INSERT INTO public.employee__language (id, level, is_required_to_check, employee_id, language_id) VALUES (16, 1, true, 6, 3);
INSERT INTO public.employee__language (id, level, is_required_to_check, employee_id, language_id) VALUES (17, '{"current": "3"}', true, 6, 4);
INSERT INTO public.employee__language (id, level, is_required_to_check, employee_id, language_id) VALUES (18, '{"current": "3"}', true, 7, 2);
INSERT INTO public.employee__language (id, level, is_required_to_check, employee_id, language_id) VALUES (19, 1, true, 7, 3);
INSERT INTO public.employee__language (id, level, is_required_to_check, employee_id, language_id) VALUES (20, '{"current": "3"}', true, 7, 4);
INSERT INTO public.employee__language (id, level, is_required_to_check, employee_id, language_id) VALUES (21, '{"current": "2"}', true, 5, 2);
INSERT INTO public.employee__language (id, level, is_required_to_check, employee_id, language_id) VALUES (22, 1, true, 8, 3);
INSERT INTO public.employee__language (id, level, is_required_to_check, employee_id, language_id) VALUES (23, '{"current": "2"}', true, 8, 2);
INSERT INTO public.employee__language (id, level, is_required_to_check, employee_id, language_id) VALUES (24, 1, true, 10, 3);
INSERT INTO public.employee__language (id, level, is_required_to_check, employee_id, language_id) VALUES (25, '{"current": "3"}', true, 10, 1);
INSERT INTO public.employee__language (id, level, is_required_to_check, employee_id, language_id) VALUES (26, '{"current": "3"}', true, 10, 4);
INSERT INTO public.employee__language (id, level, is_required_to_check, employee_id, language_id) VALUES (27, 1, true, 11, 3);
INSERT INTO public.employee__language (id, level, is_required_to_check, employee_id, language_id) VALUES (28, '{"current": "3"}', true, 11, 2);
INSERT INTO public.employee__language (id, level, is_required_to_check, employee_id, language_id) VALUES (29, 1, true, 9, 3);
INSERT INTO public.employee__language (id, level, is_required_to_check, employee_id, language_id) VALUES (30, '{"current": "3"}', true, 9, 2);
INSERT INTO public.employee__relative (id, level_ru, level_en, fullname_ru, fullname_en, birth_date, study_work_place_ru, study_work_place_en, position_ru, position_en, living_address_ru, living_address_en, employee_id) VALUES (3, '{"current": "3"}', 3, '{"current": "Эргашева Зиёдахон"}', '', '{"current": "1974-01-24"}', '{"current": "Андижанская область, Асакинский район"}', '', '{"current": "Домохозяйка"}', '', '{"current": "Андижанская область, Асакинский район"}', '', 2);
INSERT INTO public.employee__relative (id, level_ru, level_en, fullname_ru, fullname_en, birth_date, study_work_place_ru, study_work_place_en, position_ru, position_en, living_address_ru, living_address_en, employee_id) VALUES (4, '{"current": "4"}', 4, '{"current": "Мамадалиев Саидбек"}', '', '{"current": "1974-06-08"}', '{"current": "Андижанская область, Асакинский район,GM-Uzbekistan"}', '', '{"current": "Production director"}', '', '{"current": "Андижанская область, Асакинский район"}', '', 2);
INSERT INTO public.employee__relative (id, level_ru, level_en, fullname_ru, fullname_en, birth_date, study_work_place_ru, study_work_place_en, position_ru, position_en, living_address_ru, living_address_en, employee_id) VALUES (5, 1, 1, '{"current": "Boltabaeva Khilolakhon\t\t\t"}', '', '{"current": "1995-07-11"}', '{"current": "Андижанская область, Асакинский район"}', '', '{"current": "Housewife "}', '', '{"current": "Андижанская область, Асакинский район"}', '', 4);
INSERT INTO public.employee__relative (id, level_ru, level_en, fullname_ru, fullname_en, birth_date, study_work_place_ru, study_work_place_en, position_ru, position_en, living_address_ru, living_address_en, employee_id) VALUES (6, '{"current": "5"}', 5, '{"current": "Mashrabov Ismoiljon\t\t\t"}', '', '{"current": "2016-09-04"}', '', '', '', '', '{"current": "Андижанская область, Асакинский район"}', '', 4);
INSERT INTO public.employee__relative (id, level_ru, level_en, fullname_ru, fullname_en, birth_date, study_work_place_ru, study_work_place_en, position_ru, position_en, living_address_ru, living_address_en, employee_id) VALUES (7, '{"current": "4"}', 4, '{"current": "Boltabaev Mashrab\t\t\t"}', '', '{"current": "1959-12-16"}', '{"current": "Андижанская область, Асакинский район"}', '', '', '', '{"current": "Андижанская область, Асакинский район"}', '', 4);
INSERT INTO public.employee__relative (id, level_ru, level_en, fullname_ru, fullname_en, birth_date, study_work_place_ru, study_work_place_en, position_ru, position_en, living_address_ru, living_address_en, employee_id) VALUES (8, '{"current": "3"}', 3, '{"current": "Boltabaeva Maqsudakhon\t\t\t"}', '', '{"current": "1959-03-14"}', '', '', '{"current": "Пенсионер "}', '', '{"current": "Андижанская область, Асакинский район"}', '', 4);
INSERT INTO public.employee__relative (id, level_ru, level_en, fullname_ru, fullname_en, birth_date, study_work_place_ru, study_work_place_en, position_ru, position_en, living_address_ru, living_address_en, employee_id) VALUES (9, 1, 1, '{"current": "Абдукаримова Одина"}', '', '{"current": "1996-08-12"}', '{"current": "Ферганская область, Ферганский район"}', '', '{"current": "Домохозяйка"}', '', '{"current": "Ферганская область, Ферганский район"}', '', 7);
INSERT INTO public.employee__relative (id, level_ru, level_en, fullname_ru, fullname_en, birth_date, study_work_place_ru, study_work_place_en, position_ru, position_en, living_address_ru, living_address_en, employee_id) VALUES (10, '{"current": "4"}', 4, '{"current": "Зулунов Комилжон\t\t\t"}', '', '{"current": "1957-08-27"}', '{"current": "пенсионер"}', '', '{"current": "пенсионер"}', '', '{"current": "\t \tТашкентская область Кибрайский район \t\t \t\t\t \t\t \t\t"}', '', 5);
INSERT INTO public.employee__relative (id, level_ru, level_en, fullname_ru, fullname_en, birth_date, study_work_place_ru, study_work_place_en, position_ru, position_en, living_address_ru, living_address_en, employee_id) VALUES (11, '{"current": "3"}', 3, '{"current": "Зулунова Одинахон"}', '', '{"current": "1962-01-13"}', '{"current": "пенсионер"}', '', '{"current": "пенсионер"}', '', '{"current": "Ташкентская область Кибрайский район "}', '', 5);
INSERT INTO public.employee__relative (id, level_ru, level_en, fullname_ru, fullname_en, birth_date, study_work_place_ru, study_work_place_en, position_ru, position_en, living_address_ru, living_address_en, employee_id) VALUES (12, 1, 1, '{"current": "Зулунова Феруза"}', '', '{"current": "1985-01-13"}', '{"current": "Домохозяйка"}', '', '{"current": "Домохозяйка"}', '', '{"current": "Ташкентская область Кибрайский район "}', '', 5);
INSERT INTO public.employee__relative (id, level_ru, level_en, fullname_ru, fullname_en, birth_date, study_work_place_ru, study_work_place_en, position_ru, position_en, living_address_ru, living_address_en, employee_id) VALUES (13, '{"current": "4"}', 4, '{"current": "Акобиров Садриддин"}', '', '{"current": "1942-06-14"}', '{"current": "Ташкент, Юнусабадский район"}', '', '{"current": "Пенсионер "}', '', '{"current": "Ташкент, Юнусабадский район"}', '', 8);
INSERT INTO public.employee__relative (id, level_ru, level_en, fullname_ru, fullname_en, birth_date, study_work_place_ru, study_work_place_en, position_ru, position_en, living_address_ru, living_address_en, employee_id) VALUES (14, '{"current": "2"}', 2, '{"current": "Акобирова Мухаббат"}', '', '{"current": "1948-01-13"}', '{"current": "Ташкент, Юнусабадский район"}', '', '{"current": "Пенсионер"}', '', '{"current": "Ташкент, Юнусабадский район"}', '', 8);
INSERT INTO public.employee__relative (id, level_ru, level_en, fullname_ru, fullname_en, birth_date, study_work_place_ru, study_work_place_en, position_ru, position_en, living_address_ru, living_address_en, employee_id) VALUES (15, 1, 1, '{"current": "Кобилова Сабина "}', '', '{"current": "1991-09-02"}', '{"current": "Ташкент, Юнусабадский район"}', '', '{"current": "Домохозяйка"}', '', '{"current": "Ташкент, Юнусабадский район"}', '', 8);
INSERT INTO public.employee__relative (id, level_ru, level_en, fullname_ru, fullname_en, birth_date, study_work_place_ru, study_work_place_en, position_ru, position_en, living_address_ru, living_address_en, employee_id) VALUES (16, '{"current": "4"}', 4, '{"current": "Мадаминов Нематжон "}', '', '{"current": "1961-01-01"}', '{"current": "Андижанская область, Шахриханский район"}', '', '{"current": "Таксист"}', '', '{"current": "Андижанская область, Шахриханский район"}', '', 10);
INSERT INTO public.employee__relative (id, level_ru, level_en, fullname_ru, fullname_en, birth_date, study_work_place_ru, study_work_place_en, position_ru, position_en, living_address_ru, living_address_en, employee_id) VALUES (17, '{"current": "3"}', 3, '{"current": "Мадаминова Шахзодахон "}', '', '{"current": "1962-01-01"}', '{"current": "Андижанская область, Шахриханский район"}', '', '{"current": "Домохозяйка"}', '', '{"current": "Андижанская область, Шахриханский район"}', '', 10);
INSERT INTO public.employee__relative (id, level_ru, level_en, fullname_ru, fullname_en, birth_date, study_work_place_ru, study_work_place_en, position_ru, position_en, living_address_ru, living_address_en, employee_id) VALUES (18, 1, 1, '{"current": "Набиева Шахнозахон "}', '', '{"current": "1998-01-01"}', '{"current": "Андижанская область, Шахриханский район"}', '', '{"current": "Домохозяйка"}', '', '{"current": "Андижанская область, Шахриханский район"}', '', 10);
INSERT INTO public.employee__relative (id, level_ru, level_en, fullname_ru, fullname_en, birth_date, study_work_place_ru, study_work_place_en, position_ru, position_en, living_address_ru, living_address_en, employee_id) VALUES (19, '{"current": "3"}', 3, '{"current": "Мирзаакбарова Мавжудахон\t\t\t"}', '', '{"current": "1974-02-26"}', '{"current": "Андижанская область, Шахриханский район"}', '', '{"current": "Домохозяйка"}', '', '{"current": "Андижанская область, Шахриханский район"}', '', 11);
INSERT INTO public.employee__relative (id, level_ru, level_en, fullname_ru, fullname_en, birth_date, study_work_place_ru, study_work_place_en, position_ru, position_en, living_address_ru, living_address_en, employee_id) VALUES (20, '{"current": "4"}', 4, '{"current": "Ортиков Хатамбек"}', '', '{"current": "1959-01-01"}', '{"current": "Андижанская область, Шахриханский район"}', '', '', '', '{"current": "Андижанская область, Шахриханский район"}', '', 9);
INSERT INTO public.employee__relative (id, level_ru, level_en, fullname_ru, fullname_en, birth_date, study_work_place_ru, study_work_place_en, position_ru, position_en, living_address_ru, living_address_en, employee_id) VALUES (21, '{"current": "3"}', 3, '{"current": "Ортикова Марифатхон "}', '', '{"current": "1961-01-01"}', '{"current": "Андижанская область, Шахриханский район"}', '', '', '', '{"current": "Андижанская область, Шахриханский район"}', '', 9);
INSERT INTO public.employee__relative (id, level_ru, level_en, fullname_ru, fullname_en, birth_date, study_work_place_ru, study_work_place_en, position_ru, position_en, living_address_ru, living_address_en, employee_id) VALUES (22, 1, 1, '{"current": "Комилова Оязимхон "}', '', '{"current": "1996-01-01"}', '{"current": "Андижанская область, Шахриханский район"}', '', '{"current": "Домохозяйка"}', '', '{"current": "Андижанская область, Шахриханский район"}', '', 9);
INSERT INTO public.employee__reward (id, name_ru, name_en, description_ru, description_en, employee_id) VALUES (4, '', '', '', '', 1);
INSERT INTO public.employee__reward (id, name_ru, name_en, description_ru, description_en, employee_id) VALUES (5, '', '', '', '', 2);
INSERT INTO public.employee__reward (id, name_ru, name_en, description_ru, description_en, employee_id) VALUES (6, '', '', '', '', 3);
INSERT INTO public.employee__reward (id, name_ru, name_en, description_ru, description_en, employee_id) VALUES (7, '', '', '', '', 4);
INSERT INTO public.employee__reward (id, name_ru, name_en, description_ru, description_en, employee_id) VALUES (8, '', '', '', '', 6);
INSERT INTO public.employee__reward (id, name_ru, name_en, description_ru, description_en, employee_id) VALUES (9, '', '', '', '', 7);
INSERT INTO public.employee__reward (id, name_ru, name_en, description_ru, description_en, employee_id) VALUES (10, '', '', '', '', 5);
INSERT INTO public.employee__reward (id, name_ru, name_en, description_ru, description_en, employee_id) VALUES (11, '', '', '', '', 8);
INSERT INTO public.employee__reward (id, name_ru, name_en, description_ru, description_en, employee_id) VALUES (12, '', '', '', '', 10);
INSERT INTO public.employee__reward (id, name_ru, name_en, description_ru, description_en, employee_id) VALUES (13, '', '', '', '', 11);
INSERT INTO public.employee__reward (id, name_ru, name_en, description_ru, description_en, employee_id) VALUES (14, '', '', '', '', 9);
INSERT INTO public.employee_score (id, birth_year, education, language, medical, family, experience, country, is_ready_to_university, criminal_issue, criminal_other, wages, summa, category, employee_id) VALUES (14, 10, 0, 0, 28, 0, 0, 8, 0, 0, 0, 8, 58, 'D', 9);
INSERT INTO public.employee_score (id, birth_year, education, language, medical, family, experience, country, is_ready_to_university, criminal_issue, criminal_other, wages, summa, category, employee_id) VALUES (12, 10, 0, 0, 38, 0, 0, 8, 0, 0, 0, 8, 70, 'D', 11);
INSERT INTO public.employee_score (id, birth_year, education, language, medical, family, experience, country, is_ready_to_university, criminal_issue, criminal_other, wages, summa, category, employee_id) VALUES (5, 4, 10, 0, 40, 0, 0, 2, 0, 0, 0, 8, 64, 'D', 2);
INSERT INTO public.employee_score (id, birth_year, education, language, medical, family, experience, country, is_ready_to_university, criminal_issue, criminal_other, wages, summa, category, employee_id) VALUES (6, 6, 10, 0, 46, 0, 0, 10, 0, 0, 0, 8, 86, 'C', 3);
INSERT INTO public.employee_score (id, birth_year, education, language, medical, family, experience, country, is_ready_to_university, criminal_issue, criminal_other, wages, summa, category, employee_id) VALUES (7, 0, 10, 0, 40, 0, 0, 16, 0, 0, 0, 8, 80, 'C', 4);
INSERT INTO public.employee_score (id, birth_year, education, language, medical, family, experience, country, is_ready_to_university, criminal_issue, criminal_other, wages, summa, category, employee_id) VALUES (8, 10, 10, 0, 42, 0, 0, 8, 0, 0, 0, 8, 82, 'C', 6);
INSERT INTO public.employee_score (id, birth_year, education, language, medical, family, experience, country, is_ready_to_university, criminal_issue, criminal_other, wages, summa, category, employee_id) VALUES (9, 10, 0, 0, 44, 0, 0, 2, 0, 0, 0, 8, 70, 'D', 7);
INSERT INTO public.employee_score (id, birth_year, education, language, medical, family, experience, country, is_ready_to_university, criminal_issue, criminal_other, wages, summa, category, employee_id) VALUES (11, 6, 0, 0, 40, 0, 0, 6, 0, 0, 0, 8, 64, 'D', 8);
INSERT INTO public.employee_score (id, birth_year, education, language, medical, family, experience, country, is_ready_to_university, criminal_issue, criminal_other, wages, summa, category, employee_id) VALUES (10, 4, 0, 0, 46, 0, 0, 6, 0, 0, 0, 10, 72, 'D', 5);
INSERT INTO public.employee_score (id, birth_year, education, language, medical, family, experience, country, is_ready_to_university, criminal_issue, criminal_other, wages, summa, category, employee_id) VALUES (4, 6, 0, 0, 42, 0, 0, 13, 0, 0, 0, 8, 75, 'C', 1);
INSERT INTO public.employee_score (id, birth_year, education, language, medical, family, experience, country, is_ready_to_university, criminal_issue, criminal_other, wages, summa, category, employee_id) VALUES (13, 10, 0, 0, 40, 0, 0, 8, 0, 0, 0, 8, 72, 'D', 10);
INSERT INTO public.operator (id, phone, operator, channel, user_id) VALUES (5, '998999999999', 1, 'be6badaeb146ecdcefb33e2155802d14', 9);
INSERT INTO public.operator (id, phone, operator, channel, user_id) VALUES (6, '9989999998', 2, '406571540f481220cb4afc7675a737c5', 10);
INSERT INTO public.operator (id, phone, operator, channel, user_id) VALUES (7, '998999997', 3, 'f0ac2feed3008a675270730ae1ab29a1', 11);
INSERT INTO public.operator (id, phone, operator, channel, user_id) VALUES (8, '998999999996', 4, 'aba4fbe2826ed06ed3c61e321cb14ba5', 12);
INSERT INTO public.operator_group (id, group_name, district_id, operator1_id, operator2_id, operator3_id, operator4_id) VALUES (2, 'ncdgroup', 7, 5, 6, 7, 8);
INSERT INTO public.operator_register_number (id, number) VALUES (1, 12);
INSERT INTO public.templates (id, text, title) VALUES (1, '<p><em><strong>dfsfdsfsd</strong></em></p>', 'title');